Name, Age, Department, Salary
John Doe, 30, Marketing, 50000
Jane Smith, 35, Engineering, 60000
Michael Johnson, 28, HR,
Name, Age, Department, Salary
John Doe, 30, Marketing, 50000
Jane Smith, 35, Engineering, 60000
Michael Johnson, 28, HR,
Name, Age, Department, Salary
John Doe, 30, Marketing, 50000
Jane Smith, 35, Engineering, 60000
Michael Johnson, 28, HR,
Name, Age, Department, Salary
John Doe, 30, Marketing, 50000
Jane Smith, 35, Engineering, 60000
Michael Johnson, 28, HR,
Name, Age, Department, Salary
John Doe, 30, Marketing, 50000
Jane Smith, 35, Engineering, 60000
Michael Johnson, 28, HR,
Name, Age, Department, Salary
John Doe, 30, Marketing, 50000
Jane Smith, 35, Engineering, 60000
Michael Johnson, 28, HR,
Name, Age, Department, Salary
John Doe, 30, Marketing, 50000
Jane Smith, 35, Engineering, 60000
Michael Johnson, 28, HR,
Name, Age, Department, Salary
John Doe, 30, Marketing, 50000
Jane Smith, 35, Engineering, 60000
Michael Johnson, 28, HR,
Name, Age, Department, Salary
John Doe, 30, Marketing, 50000
Jane Smith, 35, Engineering, 60000
Michael Johnson, 28, HR,
Name, Age, Department, Salary
John Doe, 30, Marketing, 50000
Jane Smith, 35, Engineering, 60000
Michael Johnson, 28, HR,
Name, Age, Department, Salary
John Doe, 30, Marketing, 50000
Jane Smith, 35, Engineering, 60000
Michael Johnson, 28, HR,
Name, Age, Department, Salary
John Doe, 30, Marketing, 50000
Jane Smith, 35, Engineering, 60000
Michael Johnson, 28, HR,
Name, Age, Department, Salary
John Doe, 30, Marketing, 50000
Jane Smith, 35, Engineering, 60000
Michael Johnson, 28, HR,
Name, Age, Department, Salary
John Doe, 30, Marketing, 50000
Jane Smith, 35, Engineering, 60000
Michael Johnson, 28, HR,
Name, Age, Department, Salary
John Doe, 30, Marketing, 50000
Jane Smith, 35, Engineering, 60000
Michael Johnson, 28, HR,
Name, Age, Department, Salary
John Doe, 30, Marketing, 50000
Jane Smith, 35, Engineering, 60000
Michael Johnson, 28, HR,
Name, Age, Department, Salary
John Doe, 30, Marketing, 50000
Jane Smith, 35, Engineering, 60000
Michael Johnson, 28, HR,
Name, Age, Department, Salary
John Doe, 30, Marketing, 50000
Jane Smith, 35, Engineering, 60000
Michael Johnson, 28, HR,
Name, Age, Department, Salary
John Doe, 30, Marketing, 50000
Jane Smith, 35, Engineering, 60000
Michael Johnson, 28, HR,
Name, Age, Department, Salary
John Doe, 30, Marketing, 50000
Jane Smith, 35, Engineering, 60000
Michael Johnson, 28, HR,
Name, Age, Department, Salary
John Doe, 30, Marketing, 50000
Jane Smith, 35, Engineering, 60000
Michael Johnson, 28, HR,
Name, Age, Department, Salary
John Doe, 30, Marketing, 50000
Jane Smith, 35, Engineering, 60000
Michael Johnson, 28, HR,
Name, Age, Department, Salary
John Doe, 30, Marketing, 50000
Jane Smith, 35, Engineering, 60000
Michael Johnson, 28, HR,
Name, Age, Department, Salary
John Doe, 30, Marketing, 50000
Jane Smith, 35, Engineering, 60000
Michael Johnson, 28, HR,
Name, Age, Department, Salary
John Doe, 30, Marketing, 50000
Jane Smith, 35, Engineering, 60000
Michael Johnson, 28, HR,
Name, Age, Department, Salary
John Doe, 30, Marketing, 50000
Jane Smith, 35, Engineering, 60000
Michael Johnson, 28, HR,
Name, Age, Department, Salary
John Doe, 30, Marketing, 50000
Jane Smith, 35, Engineering, 60000
Michael Johnson, 28, HR,
Name, Age, Department, Salary
John Doe, 30, Marketing, 50000
Jane Smith, 35, Engineering, 60000
Michael Johnson, 28, HR,
Name, Age, Department, Salary
John Doe, 30, Marketing, 50000
Jane Smith, 35, Engineering, 60000
Michael Johnson, 28, HR,
Name, Age, Department, Salary
John Doe, 30, Marketing, 50000
Jane Smith, 35, Engineering, 60000
Michael Johnson, 28, HR,
Name, Age, Department, Salary
John Doe, 30, Marketing, 50000
Jane Smith, 35, Engineering, 60000
Michael Johnson, 28, HR,
Name, Age, Department, Salary
John Doe, 30, Marketing, 50000
Jane Smith, 35, Engineering, 60000
Michael Johnson, 28, HR,
Name, Age, Department, Salary
John Doe, 30, Marketing, 50000
Jane Smith, 35, Engineering, 60000
Michael Johnson, 28, HR,
Name, Age, Department, Salary
John Doe, 30, Marketing, 50000
Jane Smith, 35, Engineering, 60000
Michael Johnson, 28, HR,
Name, Age, Department, Salary
John Doe, 30, Marketing, 50000
Jane Smith, 35, Engineering, 60000
Michael Johnson, 28, HR,
Name, Age, Department, Salary
John Doe, 30, Marketing, 50000
Jane Smith, 35, Engineering, 60000
Michael Johnson, 28, HR,
Name, Age, Department, Salary
John Doe, 30, Marketing, 50000
Jane Smith, 35, Engineering, 60000
Michael Johnson, 28, HR,
Name, Age, Department, Salary
John Doe, 30, Marketing, 50000
Jane Smith, 35, Engineering, 60000
Michael Johnson, 28, HR,
Name, Age, Department, Salary
John Doe, 30, Marketing, 50000
Jane Smith, 35, Engineering, 60000
Michael Johnson, 28, HR,
Name, Age, Department, Salary
John Doe, 30, Marketing, 50000
Jane Smith, 35, Engineering, 60000
Michael Johnson, 28, HR,
Name, Age, Department, Salary
John Doe, 30, Marketing, 50000
Jane Smith, 35, Engineering, 60000
Michael Johnson, 28, HR,
Name, Age, Department, Salary
John Doe, 30, Marketing, 50000
Jane Smith, 35, Engineering, 60000
Michael Johnson, 28, HR,
Name, Age, Department, Salary
John Doe, 30, Marketing, 50000
Jane Smith, 35, Engineering, 60000
Michael Johnson, 28, HR,
